{
  "Files": [
    {
      "Name": "sharedassets0.assets",
      "Assets": [
        {
          "PathID": 4,
          "Name": "SpriteAtlasTexture-Game (Group 0)-2048x2048-fmt47",
          "Type": "Texture2D"
        },
        {
          "PathID": 5,
          "Name": "SpriteAtlasTexture-Game (Group 1)-2048x1024-fmt34",
          "Type": "Texture2D"
        },
        {
          "PathID": 6,
          "Name": "SpriteAtlasTexture-Game (Group 0)-1024x512-fmt47",
          "Type": "Texture2D"
        },
        {
          "PathID": 7,
          "Name": "UISprite",
          "Type": "Texture2D"
        },
        {
          "PathID": 8,
          "Name": "Background",
          "Type": "Texture2D"
        },
        {
          "PathID": 9,
          "Name": "InputFieldBackground",
          "Type": "Texture2D"
        },
        {
          "PathID": 10,
          "Name": "Button green",
          "Type": "Texture2D"
        },
        {
          "PathID": 11,
          "Name": "table",
          "Type": "Texture2D"
        },
        {
          "PathID": 12,
          "Name": "Font Texture",
          "Type": "Texture2D"
        },
        {
          "PathID": 13,
          "Name": "Font Texture",
          "Type": "Texture2D"
        },
        {
          "PathID": 14,
          "Name": "Domino_logo",
          "Type": "Texture2D"
        },
        {
          "PathID": 15,
          "Name": "Button yelow",
          "Type": "Texture2D"
        },
        {
          "PathID": 16,
          "Name": "Background",
          "Type": "Texture2D"
        },
        {
          "PathID": 17,
          "Name": "Tile",
          "Type": "AudioClip"
        },
        {
          "PathID": 18,
          "Name": "Timer",
          "Type": "AudioClip"
        },
        {
          "PathID": 19,
          "Name": "Scoring",
          "Type": "AudioClip"
        },
        {
          "PathID": 20,
          "Name": "Roundover",
          "Type": "AudioClip"
        },
        {
          "PathID": 21,
          "Name": "Skip",
          "Type": "AudioClip"
        },
        {
          "PathID": 22,
          "Name": "Button",
          "Type": "AudioClip"
        },
        {
          "PathID": 23,
          "Name": "Select",
          "Type": "AudioClip"
        },
        {
          "PathID": 24,
          "Name": "GameOver",
          "Type": "AudioClip"
        }
      ]
    },
    {
      "Name": "0000000000000000f000000000000000",
      "Assets": [
        {
          "PathID": 1,
          "Name": "Checkmark",
          "Type": "Texture2D"
        },
        {
          "PathID": 2,
          "Name": "DropdownArrow",
          "Type": "Texture2D"
        },
        {
          "PathID": 3,
          "Name": "UIMask",
          "Type": "Texture2D"
        }
      ]
    },
    {
      "Name": "5c3034ad0f542439f97bbd928b5c0865",
      "Assets": []
    },
    {
      "Name": "5bf9b42017c6747998e43553b5910158",
      "Assets": []
    },
    {
      "Name": "9a66901f8bfada34aaac668e29705cf3",
      "Assets": []
    },
    {
      "Name": "83eaa43e0c2b2ea44aae23bf7338749c",
      "Assets": [
        {
          "PathID": 1,
          "Name": "Dominoes_Spanish.po",
          "Type": "TextAsset"
        }
      ]
    },
    {
      "Name": "e0d0f59786523734b9b9672ff9d8853c",
      "Assets": [
        {
          "PathID": 1,
          "Name": "Dominoes_Russian.po",
          "Type": "TextAsset"
        }
      ]
    },
    {
      "Name": "fb85465e60c87dd4fbdd45470af1fa47",
      "Assets": [
        {
          "PathID": 1,
          "Name": "Dominoes_Portuguese.po",
          "Type": "TextAsset"
        }
      ]
    },
    {
      "Name": "6ac6e830cf441cc4582ed80c10ec8ecd",
      "Assets": [
        {
          "PathID": 1,
          "Name": "Dominoes_English.po",
          "Type": "TextAsset"
        }
      ]
    },
    {
      "Name": "d54cc6ef73176ab44b32d0241a6be933",
      "Assets": []
    },
    {
      "Name": "5f3438aba7c950a4cb3ad7e5eecd9ba4",
      "Assets": [
        {
          "PathID": 1,
          "Name": "BillingMode",
          "Type": "TextAsset"
        }
      ]
    },
    {
      "Name": "globalgamemanagers.assets",
      "Assets": [
        {
          "PathID": 3,
          "Name": "FacebookSettings",
          "Type": "MonoScript"
        },
        {
          "PathID": 4,
          "Name": "GridLayoutGroup",
          "Type": "MonoScript"
        },
        {
          "PathID": 5,
          "Name": "GridLayoutGroup",
          "Type": "MonoScript"
        },
        {
          "PathID": 6,
          "Name": "Scrollbar",
          "Type": "MonoScript"
        },
        {
          "PathID": 7,
          "Name": "Scrollbar",
          "Type": "MonoScript"
        },
        {
          "PathID": 8,
          "Name": "FacebookGameObject",
          "Type": "MonoScript"
        },
        {
          "PathID": 9,
          "Name": "EditorFacebookLoader",
          "Type": "MonoScript"
        },
        {
          "PathID": 10,
          "Name": "ArcadeFacebookLoader",
          "Type": "MonoScript"
        },
        {
          "PathID": 11,
          "Name": "EventTrigger",
          "Type": "MonoScript"
        },
        {
          "PathID": 12,
          "Name": "EventTrigger",
          "Type": "MonoScript"
        },
        {
          "PathID": 13,
          "Name": "BaseInputModule",
          "Type": "MonoScript"
        },
        {
          "PathID": 14,
          "Name": "BaseInputModule",
          "Type": "MonoScript"
        },
        {
          "PathID": 15,
          "Name": "NetworkTransform",
          "Type": "MonoScript"
        },
        {
          "PathID": 16,
          "Name": "NetworkTransform",
          "Type": "MonoScript"
        },
        {
          "PathID": 17,
          "Name": "PlaymodeTestsController",
          "Type": "MonoScript"
        },
        {
          "PathID": 18,
          "Name": "SpatialMappingBase",
          "Type": "MonoScript"
        },
        {
          "PathID": 19,
          "Name": "SpatialMappingBase",
          "Type": "MonoScript"
        },
        {
          "PathID": 20,
          "Name": "Physics2DRaycaster",
          "Type": "MonoScript"
        },
        {
          "PathID": 21,
          "Name": "Physics2DRaycaster",
          "Type": "MonoScript"
        },
        {
          "PathID": 22,
          "Name": "NetworkDiscovery",
          "Type": "MonoScript"
        },
        {
          "PathID": 23,
          "Name": "NetworkDiscovery",
          "Type": "MonoScript"
        },
        {
          "PathID": 24,
          "Name": "MaskableGraphic",
          "Type": "MonoScript"
        },
        {
          "PathID": 25,
          "Name": "MaskableGraphic",
          "Type": "MonoScript"
        },
        {
          "PathID": 26,
          "Name": "BaseRaycaster",
          "Type": "MonoScript"
        },
        {
          "PathID": 27,
          "Name": "BaseRaycaster",
          "Type": "MonoScript"
        },
        {
          "PathID": 28,
          "Name": "NetworkBehaviour",
          "Type": "MonoScript"
        },
        {
          "PathID": 29,
          "Name": "NetworkBehaviour",
          "Type": "MonoScript"
        },
        {
          "PathID": 30,
          "Name": "NetworkTransformChild",
          "Type": "MonoScript"
        },
        {
          "PathID": 31,
          "Name": "NetworkTransformChild",
          "Type": "MonoScript"
        },
        {
          "PathID": 32,
          "Name": "AspectRatioFitter",
          "Type": "MonoScript"
        },
        {
          "PathID": 33,
          "Name": "AspectRatioFitter",
          "Type": "MonoScript"
        },
        {
          "PathID": 34,
          "Name": "PointerInputModule",
          "Type": "MonoScript"
        },
        {
          "PathID": 35,
          "Name": "PointerInputModule",
          "Type": "MonoScript"
        },
        {
          "PathID": 36,
          "Name": "Mask",
          "Type": "MonoScript"
        },
        {
          "PathID": 37,
          "Name": "Mask",
          "Type": "MonoScript"
        },
        {
          "PathID": 38,
          "Name": "ToggleGroup",
          "Type": "MonoScript"
        },
        {
          "PathID": 39,
          "Name": "ToggleGroup",
          "Type": "MonoScript"
        },
        {
          "PathID": 40,
          "Name": "NetworkStartPosition",
          "Type": "MonoScript"
        },
        {
          "PathID": 41,
          "Name": "NetworkStartPosition",
          "Type": "MonoScript"
        },
        {
          "PathID": 42,
          "Name": "Outline",
          "Type": "MonoScript"
        },
        {
          "PathID": 43,
          "Name": "Outline",
          "Type": "MonoScript"
        },
        {
          "PathID": 44,
          "Name": "NetworkLobbyManager",
          "Type": "MonoScript"
        },
        {
          "PathID": 45,
          "Name": "NetworkLobbyManager",
          "Type": "MonoScript"
        },
        {
          "PathID": 46,
          "Name": "NetworkTransformVisualizer",
          "Type": "MonoScript"
        },
        {
          "PathID": 47,
          "Name": "NetworkTransformVisualizer",
          "Type": "MonoScript"
        },
        {
          "PathID": 48,
          "Name": "NetworkManager",
          "Type": "MonoScript"
        },
        {
          "PathID": 49,
          "Name": "NetworkManager",
          "Type": "MonoScript"
        },
        {
          "PathID": 50,
          "Name": "PhysicsRaycaster",
          "Type": "MonoScript"
        },
        {
          "PathID": 51,
          "Name": "PhysicsRaycaster",
          "Type": "MonoScript"
        },
        {
          "PathID": 52,
          "Name": "Image",
          "Type": "MonoScript"
        },
        {
          "PathID": 53,
          "Name": "Image",
          "Type": "MonoScript"
        },
        {
          "PathID": 54,
          "Name": "AsyncUtil",
          "Type": "MonoScript"
        },
        {
          "PathID": 55,
          "Name": "EventSystem",
          "Type": "MonoScript"
        },
        {
          "PathID": 56,
          "Name": "EventSystem",
          "Type": "MonoScript"
        },
        {
          "PathID": 57,
          "Name": "SpatialMappingRenderer",
          "Type": "MonoScript"
        },
        {
          "PathID": 58,
          "Name": "SpatialMappingRenderer",
          "Type": "MonoScript"
        },
        {
          "PathID": 59,
          "Name": "IOSFacebookLoader",
          "Type": "MonoScript"
        },
        {
          "PathID": 60,
          "Name": "LayoutGroup",
          "Type": "MonoScript"
        },
        {
          "PathID": 61,
          "Name": "LayoutGroup",
          "Type": "MonoScript"
        },
        {
          "PathID": 62,
          "Name": "AndroidFacebookLoader",
          "Type": "MonoScript"
        },
        {
          "PathID": 63,
          "Name": "MockShareDialog",
          "Type": "MonoScript"
        },
        {
          "PathID": 64,
          "Name": "HorizontalLayoutGroup",
          "Type": "MonoScript"
        },
        {
          "PathID": 65,
          "Name": "HorizontalLayoutGroup",
          "Type": "MonoScript"
        },
        {
          "PathID": 66,
          "Name": "AndroidFacebookGameObject",
          "Type": "MonoScript"
        },
        {
          "PathID": 67,
          "Name": "IOSFacebookGameObject",
          "Type": "MonoScript"
        },
        {
          "PathID": 68,
          "Name": "ArcadeFacebookGameObject",
          "Type": "MonoScript"
        },
        {
          "PathID": 69,
          "Name": "Selectable",
          "Type": "MonoScript"
        },
        {
          "PathID": 70,
          "Name": "Selectable",
          "Type": "MonoScript"
        },
        {
          "PathID": 71,
          "Name": "CanvasFacebookGameObject",
          "Type": "MonoScript"
        },
        {
          "PathID": 72,
          "Name": "RectMask2D",
          "Type": "MonoScript"
        },
        {
          "PathID": 73,
          "Name": "RectMask2D",
          "Type": "MonoScript"
        },
        {
          "PathID": 74,
          "Name": "Slider",
          "Type": "MonoScript"
        },
        {
          "PathID": 75,
          "Name": "Slider",
          "Type": "MonoScript"
        },
        {
          "PathID": 76,
          "Name": "RawImage",
          "Type": "MonoScript"
        },
        {
          "PathID": 77,
          "Name": "RawImage",
          "Type": "MonoScript"
        },
        {
          "PathID": 78,
          "Name": "MobileFacebookGameObject",
          "Type": "MonoScript"
        },
        {
          "PathID": 79,
          "Name": "HighlightOwnedGameObj",
          "Type": "MonoScript"
        },
        {
          "PathID": 80,
          "Name": "VKDocument",
          "Type": "MonoScript"
        },
        {
          "PathID": 81,
          "Name": "PhotonStreamQueue",
          "Type": "MonoScript"
        },
        {
          "PathID": 82,
          "Name": "PhotonManager",
          "Type": "MonoScript"
        },
        {
          "PathID": 83,
          "Name": "MenuComponent",
          "Type": "MonoScript"
        },
        {
          "PathID": 84,
          "Name": "Single__Games",
          "Type": "MonoScript"
        },
        {
          "PathID": 85,
          "Name": "ChooseRate",
          "Type": "MonoScript"
        },
        {
          "PathID": 86,
          "Name": "ResponseLeaderboard",
          "Type": "MonoScript"
        },
        {
          "PathID": 87,
          "Name": "IRewardBasedVideoAdClient",
          "Type": "MonoScript"
        },
        {
          "PathID": 88,
          "Name": "InRoomChat",
          "Type": "MonoScript"
        },
        {
          "PathID": 89,
          "Name": "OverlayTexture",
          "Type": "MonoScript"
        },
        {
          "PathID": 90,
          "Name": "VKToken",
          "Type": "MonoScript"
        },
        {
          "PathID": 91,
          "Name": "Single_Finish",
          "Type": "MonoScript"
        },
        {
          "PathID": 92,
          "Name": "VKWallPost",
          "Type": "MonoScript"
        },
        {
          "PathID": 93,
          "Name": "Single_GameMenu",
          "Type": "MonoScript"
        },
        {
          "PathID": 94,
          "Name": "PlayerHand",
          "Type": "MonoScript"
        },
        {
          "PathID": 95,
          "Name": "VKYesNoMessageBox",
          "Type": "MonoScript"
        },
        {
          "PathID": 96,
          "Name": "MessageHandler",
          "Type": "MonoScript"
        },
        {
          "PathID": 97,
          "Name": "AdsController",
          "Type": "MonoScript"
        },
        {
          "PathID": 98,
          "Name": "ChooseRateItem",
          "Type": "MonoScript"
        },
        {
          "PathID": 99,
          "Name": "LeaderboardPlayers",
          "Type": "MonoScript"
        },
        {
          "PathID": 100,
          "Name": "InterstitialClient",
          "Type": "MonoScript"
        },
        {
          "PathID": 101,
          "Name": "RoundOverView",
          "Type": "MonoScript"
        },
        {
          "PathID": 102,
          "Name": "DominoSettings",
          "Type": "MonoScript"
        },
        {
          "PathID": 103,
          "Name": "Conctenated",
          "Type": "MonoScript"
        },
        {
          "PathID": 104,
          "Name": "VKNotificationUI",
          "Type": "MonoScript"
        },
        {
          "PathID": 105,
          "Name": "PhotonResponse",
          "Type": "MonoScript"
        },
        {
          "PathID": 106,
          "Name": "MediationExtras",
          "Type": "MonoScript"
        },
        {
          "PathID": 107,
          "Name": "PhotonRigidbody2DView",
          "Type": "MonoScript"
        },
        {
          "PathID": 108,
          "Name": "ToolsSelectObjectsComponent",
          "Type": "MonoScript"
        },
        {
          "PathID": 109,
          "Name": "CurtainManager",
          "Type": "MonoScript"
        },
        {
          "PathID": 110,
          "Name": "Online_Disconnect",
          "Type": "MonoScript"
        },
        {
          "PathID": 111,
          "Name": "PhotonRequest",
          "Type": "MonoScript"
        },
        {
          "PathID": 112,
          "Name": "TimeKeeper",
          "Type": "MonoScript"
        },
        {
          "PathID": 113,
          "Name": "Bone",
          "Type": "MonoScript"
        },
        {
          "PathID": 114,
          "Name": "BetterOutline",
          "Type": "MonoScript"
        },
        {
          "PathID": 115,
          "Name": "UserData",
          "Type": "MonoScript"
        },
        {
          "PathID": 116,
          "Name": "ResponseBase",
          "Type": "MonoScript"
        },
        {
          "PathID": 117,
          "Name": "ResponseLeaderboardPlayer",
          "Type": "MonoScript"
        },
        {
          "PathID": 118,
          "Name": "Online_Distribution",
          "Type": "MonoScript"
        },
        {
          "PathID": 119,
          "Name": "PhotonClient_Friends",
          "Type": "MonoScript"
        },
        {
          "PathID": 120,
          "Name": "Room",
          "Type": "MonoScript"
        },
        {
          "PathID": 121,
          "Name": "PhotonHandler",
          "Type": "MonoScript"
        },
        {
          "PathID": 122,
          "Name": "LeaderboardTimeChoose",
          "Type": "MonoScript"
        },
        {
          "PathID": 123,
          "Name": "VKAlbum",
          "Type": "MonoScript"
        },
        {
          "PathID": 124,
          "Name": "ChatEventCode",
          "Type": "MonoScript"
        },
        {
          "PathID": 125,
          "Name": "PunTurnManager",
          "Type": "MonoScript"
        },
        {
          "PathID": 126,
          "Name": "LeaderboardTimeItem",
          "Type": "MonoScript"
        },
        {
          "PathID": 127,
          "Name": "SoundType",
          "Type": "MonoScript"
        },
        {
          "PathID": 128,
          "Name": "Online__RoomReady",
          "Type": "MonoScript"
        },
        {
          "PathID": 129,
          "Name": "BonePhantom",
          "Type": "MonoScript"
        },
        {
          "PathID": 130,
          "Name": "VKGroup",
          "Type": "MonoScript"
        },
        {
          "PathID": 131,
          "Name": "AdPosition",
          "Type": "MonoScript"
        },
        {
          "PathID": 132,
          "Name": "QuitOnEscapeOrBack",
          "Type": "MonoScript"
        },
        {
          "PathID": 133,
          "Name": "PhotonClient_Main",
          "Type": "MonoScript"
        },
        {
          "PathID": 134,
          "Name": "RoomInvite",
          "Type": "MonoScript"
        },
        {
          "PathID": 135,
          "Name": "PingCloudRegions",
          "Type": "MonoScript"
        },
        {
          "PathID": 136,
          "Name": "VKScope",
          "Type": "MonoScript"
        },
        {
          "PathID": 137,
          "Name": "BetItem",
          "Type": "MonoScript"
        },
        {
          "PathID": 138,
          "Name": "GraphRequest",
          "Type": "MonoScript"
        },
        {
          "PathID": 139,
          "Name": "Reward",
          "Type": "MonoScript"
        },
        {
          "PathID": 140,
          "Name": "OnlineGame",
          "Type": "MonoScript"
        },
        {
          "PathID": 141,
          "Name": "LobbyProfileView",
          "Type": "MonoScript"
        },
        {
          "PathID": 142,
          "Name": "ManualPhotonViewAllocator",
          "Type": "MonoScript"
        },
        {
          "PathID": 143,
          "Name": "VKChat",
          "Type": "MonoScript"
        },
        {
          "PathID": 144,
          "Name": "Branch",
          "Type": "MonoScript"
        },
        {
          "PathID": 145,
          "Name": "FriendsCollection",
          "Type": "MonoScript"
        },
        {
          "PathID": 146,
          "Name": "CaptchaDialog",
          "Type": "MonoScript"
        },
        {
          "PathID": 147,
          "Name": "VKPhoto",
          "Type": "MonoScript"
        },
        {
          "PathID": 148,
          "Name": "BoneViewBehavior",
          "Type": "MonoScript"
        },
        {
          "PathID": 149,
          "Name": "InnerOutline",
          "Type": "MonoScript"
        },
        {
          "PathID": 150,
          "Name": "AppInvites",
          "Type": "MonoScript"
        },
        {
          "PathID": 151,
          "Name": "Online_GameQuit",
          "Type": "MonoScript"
        },
        {
          "PathID": 152,
          "Name": "Externs",
          "Type": "MonoScript"
        },
        {
          "PathID": 153,
          "Name": "FriendItemView",
          "Type": "MonoScript"
        },
        {
          "PathID": 154,
          "Name": "PopupBehaviour",
          "Type": "MonoScript"
        },
        {
          "PathID": 155,
          "Name": "Bevel",
          "Type": "MonoScript"
        },
        {
          "PathID": 156,
          "Name": "Single_GameStart",
          "Type": "MonoScript"
        },
        {
          "PathID": 157,
          "Name": "Online_GameOver",
          "Type": "MonoScript"
        },
        {
          "PathID": 158,
          "Name": "InitState_Enter",
          "Type": "MonoScript"
        },
        {
          "PathID": 159,
          "Name": "PlayerHandClosed",
          "Type": "MonoScript"
        },
        {
          "PathID": 160,
          "Name": "ShowStatusWhenConnecting",
          "Type": "MonoScript"
        },
        {
          "PathID": 161,
          "Name": "SmoothMover",
          "Type": "MonoScript"
        },
        {
          "PathID": 162,
          "Name": "DeskBranch",
          "Type": "MonoScript"
        },
        {
          "PathID": 163,
          "Name": "Eroor_17_Behaviour",
          "Type": "MonoScript"
        },
        {
          "PathID": 164,
          "Name": "Utilities",
          "Type": "MonoScript"
        },
        {
          "PathID": 165,
          "Name": "Single_TurnRival",
          "Type": "MonoScript"
        },
        {
          "PathID": 166,
          "Name": "PopupsGeneral",
          "Type": "MonoScript"
        },
        {
          "PathID": 167,
          "Name": "SmoothSyncMovement",
          "Type": "MonoScript"
        },
        {
          "PathID": 168,
          "Name": "PlayersController",
          "Type": "MonoScript"
        },
        {
          "PathID": 169,
          "Name": "GameDraw",
          "Type": "MonoScript"
        },
        {
          "PathID": 170,
          "Name": "ChatChannel",
          "Type": "MonoScript"
        },
        {
          "PathID": 171,
          "Name": "LoadbalancingPeer",
          "Type": "MonoScript"
        },
        {
          "PathID": 172,
          "Name": "VKAudio",
          "Type": "MonoScript"
        },
        {
          "PathID": 173,
          "Name": "IAPButton",
          "Type": "MonoScript"
        },
        {
          "PathID": 174,
          "Name": "TurnQueue",
          "Type": "MonoScript"
        },
        {
          "PathID": 175,
          "Name": "PhotonClient_AutoConnect",
          "Type": "MonoScript"
        },
        {
          "PathID": 176,
          "Name": "HeapBox",
          "Type": "MonoScript"
        },
        {
          "PathID": 177,
          "Name": "TableStatisticPopup",
          "Type": "MonoScript"
        },
        {
          "PathID": 178,
          "Name": "CompatibilityWSA",
          "Type": "MonoScript"
        },
        {
          "PathID": 179,
          "Name": "GameAllNumber",
          "Type": "MonoScript"
        },
        {
          "PathID": 180,
          "Name": "Utils",
          "Type": "MonoScript"
        },
        {
          "PathID": 181,
          "Name": "GameAllFives",
          "Type": "MonoScript"
        },
        {
          "PathID": 182,
          "Name": "CanvasManager",
          "Type": "MonoScript"
        },
        {
          "PathID": 183,
          "Name": "SoftShadow",
          "Type": "MonoScript"
        },
        {
          "PathID": 184,
          "Name": "AppRequests",
          "Type": "MonoScript"
        },
        {
          "PathID": 185,
          "Name": "Extensions",
          "Type": "MonoScript"
        },
        {
          "PathID": 186,
          "Name": "LobbyState_Ready",
          "Type": "MonoScript"
        },
        {
          "PathID": 187,
          "Name": "MiniJSON",
          "Type": "MonoScript"
        },
        {
          "PathID": 188,
          "Name": "MonoPInvokeCallbackAttribute",
          "Type": "MonoScript"
        },
        {
          "PathID": 189,
          "Name": "ChatPeer",
          "Type": "MonoScript"
        },
        {
          "PathID": 190,
          "Name": "ResponseStatistic",
          "Type": "MonoScript"
        },
        {
          "PathID": 191,
          "Name": "Analytics",
          "Type": "MonoScript"
        },
        {
          "PathID": 192,
          "Name": "MainSettings",
          "Type": "MonoScript"
        },
        {
          "PathID": 193,
          "Name": "BoneList",
          "Type": "MonoScript"
        },
        {
          "PathID": 194,
          "Name": "StatisticsColumn",
          "Type": "MonoScript"
        },
        {
          "PathID": 195,
          "Name": "GameBehaviour",
          "Type": "MonoScript"
        },
        {
          "PathID": 196,
          "Name": "IInterstitialClient",
          "Type": "MonoScript"
        },
        {
          "PathID": 197,
          "Name": "Responses",
          "Type": "MonoScript"
        },
        {
          "PathID": 198,
          "Name": "StatisticsItem",
          "Type": "MonoScript"
        },
        {
          "PathID": 199,
          "Name": "SpriteDownloader",
          "Type": "MonoScript"
        },
        {
          "PathID": 200,
          "Name": "RotateCube",
          "Type": "MonoScript"
        },
        {
          "PathID": 201,
          "Name": "ChoosePlayers",
          "Type": "MonoScript"
        },
        {
          "PathID": 202,
          "Name": "PickupItem",
          "Type": "MonoScript"
        },
        {
          "PathID": 203,
          "Name": "CurveEffect",
          "Type": "MonoScript"
        },
        {
          "PathID": 204,
          "Name": "GameMessageSync",
          "Type": "MonoScript"
        },
        {
          "PathID": 205,
          "Name": "RulesPopup",
          "Type": "MonoScript"
        },
        {
          "PathID": 206,
          "Name": "EmergenceByPosition",
          "Type": "MonoScript"
        },
        {
          "PathID": 207,
          "Name": "LoginController",
          "Type": "MonoScript"
        },
        {
          "PathID": 208,
          "Name": "AccessTokenMenu",
          "Type": "MonoScript"
        },
        {
          "PathID": 209,
          "Name": "VKList",
          "Type": "MonoScript"
        },
        {
          "PathID": 210,
          "Name": "VKGeo",
          "Type": "MonoScript"
        },
        {
          "PathID": 211,
          "Name": "InputToEvent",
          "Type": "MonoScript"
        },
        {
          "PathID": 212,
          "Name": "OneSignalController",
          "Type": "MonoScript"
        },
        {
          "PathID": 213,
          "Name": "IAPDemo",
          "Type": "MonoScript"
        },
        {
          "PathID": 214,
          "Name": "UnityAdsController",
          "Type": "MonoScript"
        },
        {
          "PathID": 215,
          "Name": "PhotonTransformViewPositionModel",
          "Type": "MonoScript"
        },
        {
          "PathID": 216,
          "Name": "CustomNativeEventArgs",
          "Type": "MonoScript"
        },
        {
          "PathID": 217,
          "Name": "PlayerSkipMessage",
          "Type": "MonoScript"
        },
        {
          "PathID": 218,
          "Name": "AvatarGameView",
          "Type": "MonoScript"
        },
        {
          "PathID": 219,
          "Name": "Online__RoomFilling",
          "Type": "MonoScript"
        },
        {
          "PathID": 220,
          "Name": "ShopCollection",
          "Type": "MonoScript"
        },
        {
          "PathID": 221,
          "Name": "Online_TurnAuto",
          "Type": "MonoScript"
        },
        {
          "PathID": 222,
          "Name": "VKMessage",
          "Type": "MonoScript"
        },
        {
          "PathID": 223,
          "Name": "FriendsListSelect",
          "Type": "MonoScript"
        },
        {
          "PathID": 224,
          "Name": "WebViewError",
          "Type": "MonoScript"
        },
        {
          "PathID": 225,
          "Name": "WebRequest",
          "Type": "MonoScript"
        },
        {
          "PathID": 226,
          "Name": "GameInfo",
          "Type": "MonoScript"
        },
        {
          "PathID": 227,
          "Name": "DummyClient",
          "Type": "MonoScript"
        },
        {
          "PathID": 228,
          "Name": "PhotonLagSimulationGui",
          "Type": "MonoScript"
        },
        {
          "PathID": 229,
          "Name": "PhotonClient_Room",
          "Type": "MonoScript"
        },
        {
          "PathID": 230,
          "Name": "Downloader",
          "Type": "MonoScript"
        },
        {
          "PathID": 231,
          "Name": "ChooseGameItem",
          "Type": "MonoScript"
        },
        {
          "PathID": 232,
          "Name": "CustomNativeTemplateClient",
          "Type": "MonoScript"
        },
        {
          "PathID": 233,
          "Name": "EmergenceByAlphaUI",
          "Type": "MonoScript"
        },
        {
          "PathID": 234,
          "Name": "InitState_Base",
          "Type": "MonoScript"
        },
        {
          "PathID": 235,
          "Name": "AdLoaderClient",
          "Type": "MonoScript"
        },
        {
          "PathID": 236,
          "Name": "Head",
          "Type": "MonoScript"
        },
        {
          "PathID": 237,
          "Name": "ConnectAndJoinRandom",
          "Type": "MonoScript"
        },
        {
          "PathID": 238,
          "Name": "BannerView",
          "Type": "MonoScript"
        },
        {
          "PathID": 239,
          "Name": "GameSounds",
          "Type": "MonoScript"
        },
        {
          "PathID": 240,
          "Name": "OneSignalPlatform",
          "Type": "MonoScript"
        },
        {
          "PathID": 241,
          "Name": "MiniJson",
          "Type": "MonoScript"
        },
        {
          "PathID": 242,
          "Name": "Online_GamePlay",
          "Type": "MonoScript"
        },
        {
          "PathID": 243,
          "Name": "VKPage",
          "Type": "MonoScript"
        },
        {
          "PathID": 244,
          "Name": "InitController",
          "Type": "MonoScript"
        },
        {
          "PathID": 245,
          "Name": "AuthType",
          "Type": "MonoScript"
        },
        {
          "PathID": 246,
          "Name": "InterstitialClient",
          "Type": "MonoScript"
        },
        {
          "PathID": 247,
          "Name": "IBannerClient",
          "Type": "MonoScript"
        },
        {
          "PathID": 248,
          "Name": "PhotonTransformView",
          "Type": "MonoScript"
        },
        {
          "PathID": 249,
          "Name": "GoogleMobileAdsClientFactory",
          "Type": "MonoScript"
        },
        {
          "PathID": 250,
          "Name": "NetworkingPeer",
          "Type": "MonoScript"
        },
        {
          "PathID": 251,
          "Name": "ServerTime",
          "Type": "MonoScript"
        },
        {
          "PathID": 252,
          "Name": "PhotonRigidbodyView",
          "Type": "MonoScript"
        },
        {
          "PathID": 253,
          "Name": "PunTeams",
          "Type": "MonoScript"
        },
        {
          "PathID": 254,
          "Name": "GameState",
          "Type": "MonoScript"
        },
        {
          "PathID": 255,
          "Name": "AdminNotificationController",
          "Type": "MonoScript"
        },
        {
          "PathID": 256,
          "Name": "FriendData",
          "Type": "MonoScript"
        },
        {
          "PathID": 257,
          "Name": "InRoomTime",
          "Type": "MonoScript"
        },
        {
          "PathID": 258,
          "Name": "Online__Invites",
          "Type": "MonoScript"
        },
        {
          "PathID": 259,
          "Name": "PlayerHandOpen",
          "Type": "MonoScript"
        },
        {
          "PathID": 260,
          "Name": "MessagePopup",
          "Type": "MonoScript"
        },
        {
          "PathID": 261,
          "Name": "ChatClient",
          "Type": "MonoScript"
        },
        {
          "PathID": 262,
          "Name": "LobbyState_Base",
          "Type": "MonoScript"
        },
        {
          "PathID": 263,
          "Name": "BetsCollection",
          "Type": "MonoScript"
        },
        {
          "PathID": 264,
          "Name": "UnityIAPController",
          "Type": "MonoScript"
        },
        {
          "PathID": 265,
          "Name": "MoveToUtils",
          "Type": "MonoScript"
        },
        {
          "PathID": 266,
          "Name": "HeapOnline",
          "Type": "MonoScript"
        },
        {
          "PathID": 267,
          "Name": "ShowInfoOfPlayer",
          "Type": "MonoScript"
        },
        {
          "PathID": 268,
          "Name": "LeaderboardPopup",
          "Type": "MonoScript"
        },
        {
          "PathID": 269,
          "Name": "PunPlayerScores",
          "Type": "MonoScript"
        },
        {
          "PathID": 270,
          "Name": "BaseState",
          "Type": "MonoScript"
        },
        {
          "PathID": 271,
          "Name": "FriendManager",
          "Type": "MonoScript"
        },
        {
          "PathID": 272,
          "Name": "LoginLogoutBridge",
          "Type": "MonoScript"
        },
        {
          "PathID": 273,
          "Name": "InnerBevel",
          "Type": "MonoScript"
        },
        {
          "PathID": 274,
          "Name": "Utils",
          "Type": "MonoScript"
        },
        {
          "PathID": 275,
          "Name": "VKUser",
          "Type": "MonoScript"
        },
        {
          "PathID": 276,
          "Name": "AdRequest",
          "Type": "MonoScript"
        },
        {
          "PathID": 277,
          "Name": "Controller",
          "Type": "MonoScript"
        },
        {
          "PathID": 278,
          "Name": "CustomNativeTemplateAd",
          "Type": "MonoScript"
        },
        {
          "PathID": 279,
          "Name": "WebManager",
          "Type": "MonoScript"
        },
        {
          "PathID": 280,
          "Name": "PurchasingCheck",
          "Type": "MonoScript"
        },
        {
          "PathID": 281,
          "Name": "ISingleGame",
          "Type": "MonoScript"
        },
        {
          "PathID": 282,
          "Name": "RoomInfo",
          "Type": "MonoScript"
        },
        {
          "PathID": 283,
          "Name": "GlobalErrorHandler",
          "Type": "MonoScript"
        },
        {
          "PathID": 284,
          "Name": "WebViewRequest",
          "Type": "MonoScript"
        },
        {
          "PathID": 285,
          "Name": "GameCanvas",
          "Type": "MonoScript"
        },
        {
          "PathID": 286,
          "Name": "ErrorUI",
          "Type": "MonoScript"
        },
        {
          "PathID": 287,
          "Name": "PhotonTransformViewScaleModel",
          "Type": "MonoScript"
        },
        {
          "PathID": 288,
          "Name": "GameType",
          "Type": "MonoScript"
        },
        {
          "PathID": 289,
          "Name": "VKComment",
          "Type": "MonoScript"
        },
        {
          "PathID": 290,
          "Name": "Online__Friends",
          "Type": "MonoScript"
        },
        {
          "PathID": 291,
          "Name": "VKNote",
          "Type": "MonoScript"
        },
        {
          "PathID": 292,
          "Name": "OnlineGameAllNumber",
          "Type": "MonoScript"
        },
        {
          "PathID": 293,
          "Name": "BannerClient",
          "Type": "MonoScript"
        },
        {
          "PathID": 294,
          "Name": "PlayersManager",
          "Type": "MonoScript"
        },
        {
          "PathID": 295,
          "Name": "IOnlineGame",
          "Type": "MonoScript"
        },
        {
          "PathID": 296,
          "Name": "BalanceView",
          "Type": "MonoScript"
        },
        {
          "PathID": 297,
          "Name": "ShopController",
          "Type": "MonoScript"
        },
        {
          "PathID": 298,
          "Name": "OneSignalAndroid",
          "Type": "MonoScript"
        },
        {
          "PathID": 299,
          "Name": "VKPoll",
          "Type": "MonoScript"
        },
        {
          "PathID": 300,
          "Name": "BoneHandleMove",
          "Type": "MonoScript"
        },
        {
          "PathID": 301,
          "Name": "ChooseGames",
          "Type": "MonoScript"
        },
        {
          "PathID": 302,
          "Name": "GameStartedPopup",
          "Type": "MonoScript"
        },
        {
          "PathID": 303,
          "Name": "ResponseReceipt",
          "Type": "MonoScript"
        },
        {
          "PathID": 304,
          "Name": "ChoosePlayerItem",
          "Type": "MonoScript"
        },
        {
          "PathID": 305,
          "Name": "ChatUserStatus",
          "Type": "MonoScript"
        },
        {
          "PathID": 306,
          "Name": "PickupItemSimple",
          "Type": "MonoScript"
        },
        {
          "PathID": 307,
          "Name": "PhotonClient_Request",
          "Type": "MonoScript"
        },
        {
          "PathID": 308,
          "Name": "CustomNativeTemplateClient",
          "Type": "MonoScript"
        },
        {
          "PathID": 309,
          "Name": "LobbyController",
          "Type": "MonoScript"
        },
        {
          "PathID": 310,
          "Name": "PhotonFriend",
          "Type": "MonoScript"
        },
        {
          "PathID": 311,
          "Name": "Pay",
          "Type": "MonoScript"
        },
        {
          "PathID": 312,
          "Name": "GamesCollection",
          "Type": "MonoScript"
        },
        {
          "PathID": 313,
          "Name": "Single_Enter",
          "Type": "MonoScript"
        },
        {
          "PathID": 314,
          "Name": "QueueWorker",
          "Type": "MonoScript"
        },
        {
          "PathID": 315,
          "Name": "PhotonStates",
          "Type": "MonoScript"
        },
        {
          "PathID": 316,
          "Name": "VKAttachment",
          "Type": "MonoScript"
        },
        {
          "PathID": 317,
          "Name": "OneSignalPlatformHelper",
          "Type": "MonoScript"
        },
        {
          "PathID": 318,
          "Name": "BaseGameState",
          "Type": "MonoScript"
        },
        {
          "PathID": 319,
          "Name": "OnlineState_Base",
          "Type": "MonoScript"
        },
        {
          "PathID": 320,
          "Name": "MessageConnectState",
          "Type": "MonoScript"
        },
        {
          "PathID": 321,
          "Name": "PhotonTransformViewPositionControl",
          "Type": "MonoScript"
        },
        {
          "PathID": 322,
          "Name": "NetworkCullingHandler",
          "Type": "MonoScript"
        },
        {
          "PathID": 323,
          "Name": "YesNoTaskData",
          "Type": "MonoScript"
        },
        {
          "PathID": 324,
          "Name": "LobbyState_Shop",
          "Type": "MonoScript"
        },
        {
          "PathID": 325,
          "Name": "StartScreenCanvas",
          "Type": "MonoScript"
        },
        {
          "PathID": 326,
          "Name": "MessageBoxButtons",
          "Type": "MonoScript"
        },
        {
          "PathID": 327,
          "Name": "PlayerHandController",
          "Type": "MonoScript"
        },
        {
          "PathID": 328,
          "Name": "SingleController",
          "Type": "MonoScript"
        },
        {
          "PathID": 329,
          "Name": "PhotonNetwork",
          "Type": "MonoScript"
        },
        {
          "PathID": 330,
          "Name": "GameValues",
          "Type": "MonoScript"
        },
        {
          "PathID": 331,
          "Name": "GameKozel",
          "Type": "MonoScript"
        },
        {
          "PathID": 332,
          "Name": "InitState_Finish",
          "Type": "MonoScript"
        },
        {
          "PathID": 333,
          "Name": "Single_GameReplay",
          "Type": "MonoScript"
        },
        {
          "PathID": 334,
          "Name": "PanelBranchValues",
          "Type": "MonoScript"
        },
        {
          "PathID": 335,
          "Name": "RoundOverData",
          "Type": "MonoScript"
        },
        {
          "PathID": 336,
          "Name": "InterstitialAd",
          "Type": "MonoScript"
        },
        {
          "PathID": 337,
          "Name": "vkcontroller",
          "Type": "MonoScript"
        },
        {
          "PathID": 338,
          "Name": "ResponseBonus",
          "Type": "MonoScript"
        },
        {
          "PathID": 339,
          "Name": "MenuBase",
          "Type": "MonoScript"
        },
        {
          "PathID": 340,
          "Name": "ChatState",
          "Type": "MonoScript"
        },
        {
          "PathID": 341,
          "Name": "ScoresController",
          "Type": "MonoScript"
        },
        {
          "PathID": 342,
          "Name": "LobbyCanvas",
          "Type": "MonoScript"
        },
        {
          "PathID": 343,
          "Name": "FriendsListOnline",
          "Type": "MonoScript"
        },
        {
          "PathID": 344,
          "Name": "Single_GamePlay",
          "Type": "MonoScript"
        },
        {
          "PathID": 345,
          "Name": "PersistentToken",
          "Type": "MonoScript"
        },
        {
          "PathID": 346,
          "Name": "LogView",
          "Type": "MonoScript"
        },
        {
          "PathID": 347,
          "Name": "MainMenu",
          "Type": "MonoScript"
        },
        {
          "PathID": 348,
          "Name": "ToJShadow",
          "Type": "MonoScript"
        },
        {
          "PathID": 349,
          "Name": "Online_TurnPlayer",
          "Type": "MonoScript"
        },
        {
          "PathID": 350,
          "Name": "NativeExpressAdView",
          "Type": "MonoScript"
        },
        {
          "PathID": 351,
          "Name": "VKVariable",
          "Type": "MonoScript"
        },
        {
          "PathID": 352,
          "Name": "FriendInfo",
          "Type": "MonoScript"
        },
        {
          "PathID": 353,
          "Name": "AvatarView",
          "Type": "MonoScript"
        },
        {
          "PathID": 354,
          "Name": "LimitVisibleCharacters",
          "Type": "MonoScript"
        },
        {
          "PathID": 355,
          "Name": "Heap",
          "Type": "MonoScript"
        },
        {
          "PathID": 356,
          "Name": "TurnData",
          "Type": "MonoScript"
        },
        {
          "PathID": 357,
          "Name": "LobbyState_Leaders",
          "Type": "MonoScript"
        },
        {
          "PathID": 358,
          "Name": "SocialVKController",
          "Type": "MonoScript"
        },
        {
          "PathID": 359,
          "Name": "MoveByKeys",
          "Type": "MonoScript"
        },
        {
          "PathID": 360,
          "Name": "RewardBasedVideoAdClient",
          "Type": "MonoScript"
        },
        {
          "PathID": 361,
          "Name": "DevelopTools",
          "Type": "MonoScript"
        },
        {
          "PathID": 362,
          "Name": "SupportLogger",
          "Type": "MonoScript"
        },
        {
          "PathID": 363,
          "Name": "OnClickInstantiate",
          "Type": "MonoScript"
        },
        {
          "PathID": 364,
          "Name": "PhotonAnimatorView",
          "Type": "MonoScript"
        },
        {
          "PathID": 365,
          "Name": "DisplayState",
          "Type": "MonoScript"
        },
        {
          "PathID": 366,
          "Name": "GameClassic",
          "Type": "MonoScript"
        },
        {
          "PathID": 367,
          "Name": "TextButtonTransition",
          "Type": "MonoScript"
        },
        {
          "PathID": 368,
          "Name": "ServerUploadResp",
          "Type": "MonoScript"
        },
        {
          "PathID": 369,
          "Name": "OnClickDestroy",
          "Type": "MonoScript"
        },
        {
          "PathID": 370,
          "Name": "Single_RoundOver",
          "Type": "MonoScript"
        },
        {
          "PathID": 371,
          "Name": "Online__Games",
          "Type": "MonoScript"
        },
        {
          "PathID": 372,
          "Name": "Extentions",
          "Type": "MonoScript"
        },
        {
          "PathID": 373,
          "Name": "ServerSettings",
          "Type": "MonoScript"
        },
        {
          "PathID": 374,
          "Name": "OnlineGameResult",
          "Type": "MonoScript"
        },
        {
          "PathID": 375,
          "Name": "RewardBasedVideoAdClient",
          "Type": "MonoScript"
        },
        {
          "PathID": 376,
          "Name": "GamePreview",
          "Type": "MonoScript"
        },
        {
          "PathID": 377,
          "Name": "WebView",
          "Type": "MonoScript"
        },
        {
          "PathID": 378,
          "Name": "OneSignalIOS",
          "Type": "MonoScript"
        },
        {
          "PathID": 379,
          "Name": "BonePoint",
          "Type": "MonoScript"
        },
        {
          "PathID": 380,
          "Name": "EmergenceByScale",
          "Type": "MonoScript"
        },
        {
          "PathID": 381,
          "Name": "ProfileSettingController",
          "Type": "MonoScript"
        },
        {
          "PathID": 382,
          "Name": "Tools",
          "Type": "MonoScript"
        },
        {
          "PathID": 383,
          "Name": "PopupsPlay",
          "Type": "MonoScript"
        },
        {
          "PathID": 384,
          "Name": "GameOverPopup",
          "Type": "MonoScript"
        },
        {
          "PathID": 385,
          "Name": "LobbyState_Enter",
          "Type": "MonoScript"
        },
        {
          "PathID": 386,
          "Name": "ProfileStatistic",
          "Type": "MonoScript"
        },
        {
          "PathID": 387,
          "Name": "TextValuePair",
          "Type": "MonoScript"
        },
        {
          "PathID": 388,
          "Name": "Single_TurnPlayer",
          "Type": "MonoScript"
        },
        {
          "PathID": 389,
          "Name": "GizmoType",
          "Type": "MonoScript"
        },
        {
          "PathID": 390,
          "Name": "IOnlineState",
          "Type": "MonoScript"
        },
        {
          "PathID": 391,
          "Name": "GameSync",
          "Type": "MonoScript"
        },
        {
          "PathID": 392,
          "Name": "ReceiptCollection",
          "Type": "MonoScript"
        },
        {
          "PathID": 393,
          "Name": "Online__Rate",
          "Type": "MonoScript"
        },
        {
          "PathID": 394,
          "Name": "Player",
          "Type": "MonoScript"
        },
        {
          "PathID": 395,
          "Name": "OnClickLoadSomething",
          "Type": "MonoScript"
        },
        {
          "PathID": 396,
          "Name": "PhotonView",
          "Type": "MonoScript"
        },
        {
          "PathID": 397,
          "Name": "CustomTypes",
          "Type": "MonoScript"
        },
        {
          "PathID": 398,
          "Name": "SocialFBController",
          "Type": "MonoScript"
        },
        {
          "PathID": 399,
          "Name": "SocketWebTcp",
          "Type": "MonoScript"
        },
        {
          "PathID": 400,
          "Name": "SingleGame",
          "Type": "MonoScript"
        },
        {
          "PathID": 401,
          "Name": "GameRoom",
          "Type": "MonoScript"
        },
        {
          "PathID": 402,
          "Name": "Online_Enter",
          "Type": "MonoScript"
        },
        {
          "PathID": 403,
          "Name": "ShareScreenShot",
          "Type": "MonoScript"
        },
        {
          "PathID": 404,
          "Name": "LeaderboardPlayerItem",
          "Type": "MonoScript"
        },
        {
          "PathID": 405,
          "Name": "DemoInventory",
          "Type": "MonoScript"
        },
        {
          "PathID": 406,
          "Name": "WebSocket",
          "Type": "MonoScript"
        },
        {
          "PathID": 407,
          "Name": "ComboBox",
          "Type": "MonoScript"
        },
        {
          "PathID": 408,
          "Name": "InitState_Ready",
          "Type": "MonoScript"
        },
        {
          "PathID": 409,
          "Name": "DominoesData",
          "Type": "MonoScript"
        },
        {
          "PathID": 410,
          "Name": "Single_RoundNew",
          "Type": "MonoScript"
        },
        {
          "PathID": 411,
          "Name": "VkApi",
          "Type": "MonoScript"
        },
        {
          "PathID": 412,
          "Name": "Online_TurnRival",
          "Type": "MonoScript"
        },
        {
          "PathID": 413,
          "Name": "DepthEffect",
          "Type": "MonoScript"
        },
        {
          "PathID": 414,
          "Name": "IState",
          "Type": "MonoScript"
        },
        {
          "PathID": 415,
          "Name": "UserProfile",
          "Type": "MonoScript"
        },
        {
          "PathID": 416,
          "Name": "Enums",
          "Type": "MonoScript"
        },
        {
          "PathID": 417,
          "Name": "FriendsLobby",
          "Type": "MonoScript"
        },
        {
          "PathID": 418,
          "Name": "ChatDisconnectCause",
          "Type": "MonoScript"
        },
        {
          "PathID": 419,
          "Name": "IChatClientListener",
          "Type": "MonoScript"
        },
        {
          "PathID": 420,
          "Name": "StatisticsPopup",
          "Type": "MonoScript"
        },
        {
          "PathID": 421,
          "Name": "GameMenuPopup",
          "Type": "MonoScript"
        },
        {
          "PathID": 422,
          "Name": "LeaderboardGameItem",
          "Type": "MonoScript"
        },
        {
          "PathID": 423,
          "Name": "IStateGame",
          "Type": "MonoScript"
        },
        {
          "PathID": 424,
          "Name": "ResponseInit",
          "Type": "MonoScript"
        },
        {
          "PathID": 425,
          "Name": "ToolsAlignObjects",
          "Type": "MonoScript"
        },
        {
          "PathID": 426,
          "Name": "VKFriendsList",
          "Type": "MonoScript"
        },
        {
          "PathID": 427,
          "Name": "DeskView",
          "Type": "MonoScript"
        },
        {
          "PathID": 428,
          "Name": "Single__Players",
          "Type": "MonoScript"
        },
        {
          "PathID": 429,
          "Name": "GradientColor",
          "Type": "MonoScript"
        },
        {
          "PathID": 430,
          "Name": "Online__Connect",
          "Type": "MonoScript"
        },
        {
          "PathID": 431,
          "Name": "Online_Finish",
          "Type": "MonoScript"
        },
        {
          "PathID": 432,
          "Name": "LeaderboardLeaders",
          "Type": "MonoScript"
        },
        {
          "PathID": 433,
          "Name": "CharacterSpacing",
          "Type": "MonoScript"
        },
        {
          "PathID": 434,
          "Name": "VKVideo",
          "Type": "MonoScript"
        },
        {
          "PathID": 435,
          "Name": "AdFailedToLoadEventArgs",
          "Type": "MonoScript"
        },
        {
          "PathID": 436,
          "Name": "Gender",
          "Type": "MonoScript"
        },
        {
          "PathID": 437,
          "Name": "ICustomNativeTemplateClient",
          "Type": "MonoScript"
        },
        {
          "PathID": 438,
          "Name": "Online__Players",
          "Type": "MonoScript"
        },
        {
          "PathID": 439,
          "Name": "INativeExpressAdClient",
          "Type": "MonoScript"
        },
        {
          "PathID": 440,
          "Name": "OneSignal",
          "Type": "MonoScript"
        },
        {
          "PathID": 441,
          "Name": "RewardBasedVideoAd",
          "Type": "MonoScript"
        },
        {
          "PathID": 442,
          "Name": "AdLoaderClient",
          "Type": "MonoScript"
        },
        {
          "PathID": 443,
          "Name": "RPC",
          "Type": "MonoScript"
        },
        {
          "PathID": 444,
          "Name": "IController",
          "Type": "MonoScript"
        },
        {
          "PathID": 445,
          "Name": "AdSize",
          "Type": "MonoScript"
        },
        {
          "PathID": 446,
          "Name": "PhotonTransformViewRotationControl",
          "Type": "MonoScript"
        },
        {
          "PathID": 447,
          "Name": "TableStatisticColumn",
          "Type": "MonoScript"
        },
        {
          "PathID": 448,
          "Name": "ChatOperationCode",
          "Type": "MonoScript"
        },
        {
          "PathID": 449,
          "Name": "ShopItemInfo",
          "Type": "MonoScript"
        },
        {
          "PathID": 450,
          "Name": "LeaderboardController",
          "Type": "MonoScript"
        },
        {
          "PathID": 451,
          "Name": "ToJOutline",
          "Type": "MonoScript"
        },
        {
          "PathID": 452,
          "Name": "BannerClient",
          "Type": "MonoScript"
        },
        {
          "PathID": 453,
          "Name": "FriendsList",
          "Type": "MonoScript"
        },
        {
          "PathID": 454,
          "Name": "LobbyState_Quit",
          "Type": "MonoScript"
        },
        {
          "PathID": 455,
          "Name": "AdmobController",
          "Type": "MonoScript"
        },
        {
          "PathID": 456,
          "Name": "FriendsInvite",
          "Type": "MonoScript"
        },
        {
          "PathID": 457,
          "Name": "PhotonStatsGui",
          "Type": "MonoScript"
        },
        {
          "PathID": 458,
          "Name": "Bonus",
          "Type": "MonoScript"
        },
        {
          "PathID": 459,
          "Name": "SkewEffect",
          "Type": "MonoScript"
        },
        {
          "PathID": 460,
          "Name": "VkRequest",
          "Type": "MonoScript"
        },
        {
          "PathID": 461,
          "Name": "OnlineRoundResult",
          "Type": "MonoScript"
        },
        {
          "PathID": 462,
          "Name": "MainController",
          "Type": "MonoScript"
        },
        {
          "PathID": 463,
          "Name": "ShopItemView",
          "Type": "MonoScript"
        },
        {
          "PathID": 464,
          "Name": "FriendsListItem",
          "Type": "MonoScript"
        },
        {
          "PathID": 465,
          "Name": "OnlineController",
          "Type": "MonoScript"
        },
        {
          "PathID": 466,
          "Name": "OnAwakeUsePhotonView",
          "Type": "MonoScript"
        },
        {
          "PathID": 467,
          "Name": "Single_GameOver",
          "Type": "MonoScript"
        },
        {
          "PathID": 468,
          "Name": "PickupItemSyncer",
          "Type": "MonoScript"
        },
        {
          "PathID": 469,
          "Name": "ChatParameterCode",
          "Type": "MonoScript"
        },
        {
          "PathID": 470,
          "Name": "PlayerTimer",
          "Type": "MonoScript"
        },
        {
          "PathID": 471,
          "Name": "ResponseUnbind",
          "Type": "MonoScript"
        },
        {
          "PathID": 472,
          "Name": "LobbyState_Profile",
          "Type": "MonoScript"
        },
        {
          "PathID": 473,
          "Name": "GameOverColumn",
          "Type": "MonoScript"
        },
        {
          "PathID": 474,
          "Name": "Online_GameSync",
          "Type": "MonoScript"
        },
        {
          "PathID": 475,
          "Name": "NativeExpressAdClient",
          "Type": "MonoScript"
        },
        {
          "PathID": 476,
          "Name": "TurnDataOnline",
          "Type": "MonoScript"
        },
        {
          "PathID": 477,
          "Name": "GameGroups",
          "Type": "MonoScript"
        },
        {
          "PathID": 478,
          "Name": "OneSignalWPWNS",
          "Type": "MonoScript"
        },
        {
          "PathID": 479,
          "Name": "GameManagerTools",
          "Type": "MonoScript"
        },
        {
          "PathID": 480,
          "Name": "Desk",
          "Type": "MonoScript"
        },
        {
          "PathID": 481,
          "Name": "GameBlock",
          "Type": "MonoScript"
        },
        {
          "PathID": 482,
          "Name": "CullArea",
          "Type": "MonoScript"
        },
        {
          "PathID": 483,
          "Name": "RpcIndexComponent",
          "Type": "MonoScript"
        },
        {
          "PathID": 484,
          "Name": "ButtonInsideScrollList",
          "Type": "MonoScript"
        },
        {
          "PathID": 485,
          "Name": "Utils",
          "Type": "MonoScript"
        },
        {
          "PathID": 486,
          "Name": "BoneView",
          "Type": "MonoScript"
        },
        {
          "PathID": 487,
          "Name": "GameAllThrees",
          "Type": "MonoScript"
        },
        {
          "PathID": 488,
          "Name": "PopupsLobby",
          "Type": "MonoScript"
        },
        {
          "PathID": 489,
          "Name": "Online__RoomConnect",
          "Type": "MonoScript"
        },
        {
          "PathID": 490,
          "Name": "AppEvents",
          "Type": "MonoScript"
        },
        {
          "PathID": 491,
          "Name": "PhotonPlayer",
          "Type": "MonoScript"
        },
        {
          "PathID": 492,
          "Name": "ScoreBranches",
          "Type": "MonoScript"
        },
        {
          "PathID": 493,
          "Name": "ChooseCanvas",
          "Type": "MonoScript"
        },
        {
          "PathID": 494,
          "Name": "LeaderboardGames",
          "Type": "MonoScript"
        },
        {
          "PathID": 495,
          "Name": "Single_Surrender",
          "Type": "MonoScript"
        },
        {
          "PathID": 496,
          "Name": "PointedAtGameObjectInfo",
          "Type": "MonoScript"
        },
        {
          "PathID": 497,
          "Name": "Online_RoundNew",
          "Type": "MonoScript"
        },
        {
          "PathID": 498,
          "Name": "SpriteCollection",
          "Type": "MonoScript"
        },
        {
          "PathID": 499,
          "Name": "StarterSceneController",
          "Type": "MonoScript"
        },
        {
          "PathID": 500,
          "Name": "IAdLoaderClient",
          "Type": "MonoScript"
        },
        {
          "PathID": 501,
          "Name": "BaseController",
          "Type": "MonoScript"
        },
        {
          "PathID": 502,
          "Name": "ConsoleBase",
          "Type": "MonoScript"
        },
        {
          "PathID": 503,
          "Name": "DemoControllers",
          "Type": "MonoScript"
        },
        {
          "PathID": 504,
          "Name": "DialogShare",
          "Type": "MonoScript"
        },
        {
          "PathID": 505,
          "Name": "Online_GameMenu",
          "Type": "MonoScript"
        },
        {
          "PathID": 506,
          "Name": "NativeExpressAdClient",
          "Type": "MonoScript"
        },
        {
          "PathID": 507,
          "Name": "MessagePopupAdvanced",
          "Type": "MonoScript"
        },
        {
          "PathID": 508,
          "Name": "TextManager",
          "Type": "MonoScript"
        },
        {
          "PathID": 509,
          "Name": "LobbyState_Finish",
          "Type": "MonoScript"
        },
        {
          "PathID": 510,
          "Name": "GameManager",
          "Type": "MonoScript"
        },
        {
          "PathID": 511,
          "Name": "VKLink",
          "Type": "MonoScript"
        },
        {
          "PathID": 512,
          "Name": "GameControllerExample",
          "Type": "MonoScript"
        },
        {
          "PathID": 513,
          "Name": "TextToggleIsOnTransition",
          "Type": "MonoScript"
        },
        {
          "PathID": 514,
          "Name": "OnJoinedInstantiate",
          "Type": "MonoScript"
        },
        {
          "PathID": 515,
          "Name": "ProfileDiagram",
          "Type": "MonoScript"
        },
        {
          "PathID": 516,
          "Name": "DominoPool",
          "Type": "MonoScript"
        },
        {
          "PathID": 517,
          "Name": "GameCurrent",
          "Type": "MonoScript"
        },
        {
          "PathID": 518,
          "Name": "PlayerPanel",
          "Type": "MonoScript"
        },
        {
          "PathID": 519,
          "Name": "BuildPlayerComponent",
          "Type": "MonoScript"
        },
        {
          "PathID": 520,
          "Name": "PlayerScores",
          "Type": "MonoScript"
        },
        {
          "PathID": 521,
          "Name": "Online_RoundOver",
          "Type": "MonoScript"
        },
        {
          "PathID": 522,
          "Name": "Structs",
          "Type": "MonoScript"
        },
        {
          "PathID": 523,
          "Name": "PhotonClasses",
          "Type": "MonoScript"
        },
        {
          "PathID": 524,
          "Name": "Single_Distribution",
          "Type": "MonoScript"
        },
        {
          "PathID": 525,
          "Name": "AdLoader",
          "Type": "MonoScript"
        },
        {
          "PathID": 526,
          "Name": "VKPlace",
          "Type": "MonoScript"
        },
        {
          "PathID": 527,
          "Name": "PlayerRoomIndexing",
          "Type": "MonoScript"
        },
        {
          "PathID": 528,
          "Name": "LobbyBonusView",
          "Type": "MonoScript"
        },
        {
          "PathID": 529,
          "Name": "ChooseFriends",
          "Type": "MonoScript"
        },
        {
          "PathID": 530,
          "Name": "Typewriter",
          "Type": "MonoScript"
        },
        {
          "PathID": 531,
          "Name": "Turn",
          "Type": "MonoScript"
        },
        {
          "PathID": 532,
          "Name": "OnStartDelete",
          "Type": "MonoScript"
        },
        {
          "PathID": 533,
          "Name": "PhotonTransformViewScaleControl",
          "Type": "MonoScript"
        },
        {
          "PathID": 534,
          "Name": "PlayerInfo",
          "Type": "MonoScript"
        },
        {
          "PathID": 535,
          "Name": "SystemCanvas",
          "Type": "MonoScript"
        },
        {
          "PathID": 536,
          "Name": "SingleState_Base",
          "Type": "MonoScript"
        },
        {
          "PathID": 537,
          "Name": "AppLinks",
          "Type": "MonoScript"
        },
        {
          "PathID": 538,
          "Name": "Point",
          "Type": "MonoScript"
        },
        {
          "PathID": 539,
          "Name": "Statistics",
          "Type": "MonoScript"
        },
        {
          "PathID": 540,
          "Name": "VKPrivacy",
          "Type": "MonoScript"
        },
        {
          "PathID": 541,
          "Name": "VKShare",
          "Type": "MonoScript"
        },
        {
          "PathID": 542,
          "Name": "VkSettings",
          "Type": "MonoScript"
        },
        {
          "PathID": 543,
          "Name": "PhotonTransformViewRotationModel",
          "Type": "MonoScript"
        },
        {
          "PathID": 544,
          "Name": "SocketUdp",
          "Type": "MonoScript"
        },
        {
          "PathID": 545,
          "Name": "GameCross",
          "Type": "MonoScript"
        },
        {
          "PathID": 546,
          "Name": "PhotonClient_Response",
          "Type": "MonoScript"
        },
        {
          "PathID": 547,
          "Name": "InRoomRoundTimer",
          "Type": "MonoScript"
        },
        {
          "PathID": 548,
          "Name": "AnalyticsTracker",
          "Type": "MonoScript"
        },
        {
          "PathID": 549,
          "Name": "NetworkManagerHUD",
          "Type": "MonoScript"
        },
        {
          "PathID": 550,
          "Name": "NetworkManagerHUD",
          "Type": "MonoScript"
        },
        {
          "PathID": 551,
          "Name": "CanvasFacebookLoader",
          "Type": "MonoScript"
        },
        {
          "PathID": 552,
          "Name": "EditorFacebookGameObject",
          "Type": "MonoScript"
        },
        {
          "PathID": 553,
          "Name": "NetworkLobbyPlayer",
          "Type": "MonoScript"
        },
        {
          "PathID": 554,
          "Name": "NetworkLobbyPlayer",
          "Type": "MonoScript"
        },
        {
          "PathID": 555,
          "Name": "SpatialMappingCollider",
          "Type": "MonoScript"
        },
        {
          "PathID": 556,
          "Name": "SpatialMappingCollider",
          "Type": "MonoScript"
        },
        {
          "PathID": 557,
          "Name": "ProductCatalogEditor",
          "Type": "MonoScript"
        },
        {
          "PathID": 558,
          "Name": "NetworkIdentity",
          "Type": "MonoScript"
        },
        {
          "PathID": 559,
          "Name": "NetworkIdentity",
          "Type": "MonoScript"
        },
        {
          "PathID": 560,
          "Name": "Graphic",
          "Type": "MonoScript"
        },
        {
          "PathID": 561,
          "Name": "Graphic",
          "Type": "MonoScript"
        },
        {
          "PathID": 562,
          "Name": "UIBehaviour",
          "Type": "MonoScript"
        },
        {
          "PathID": 563,
          "Name": "UIBehaviour",
          "Type": "MonoScript"
        },
        {
          "PathID": 564,
          "Name": "JsBridge",
          "Type": "MonoScript"
        },
        {
          "PathID": 565,
          "Name": "MoolahStoreImpl",
          "Type": "MonoScript"
        },
        {
          "PathID": 566,
          "Name": "InputField",
          "Type": "MonoScript"
        },
        {
          "PathID": 567,
          "Name": "InputField",
          "Type": "MonoScript"
        },
        {
          "PathID": 568,
          "Name": "EmptyMockDialog",
          "Type": "MonoScript"
        },
        {
          "PathID": 569,
          "Name": "Text",
          "Type": "MonoScript"
        },
        {
          "PathID": 570,
          "Name": "Text",
          "Type": "MonoScript"
        },
        {
          "PathID": 571,
          "Name": "FacebookScheduler",
          "Type": "MonoScript"
        },
        {
          "PathID": 572,
          "Name": "HorizontalOrVerticalLayoutGroup",
          "Type": "MonoScript"
        },
        {
          "PathID": 573,
          "Name": "HorizontalOrVerticalLayoutGroup",
          "Type": "MonoScript"
        },
        {
          "PathID": 574,
          "Name": "Dropdown",
          "Type": "MonoScript"
        },
        {
          "PathID": 575,
          "Name": "Dropdown",
          "Type": "MonoScript"
        },
        {
          "PathID": 576,
          "Name": "HoloLensInputModule",
          "Type": "MonoScript"
        },
        {
          "PathID": 577,
          "Name": "HoloLensInputModule",
          "Type": "MonoScript"
        },
        {
          "PathID": 578,
          "Name": "AsyncRequestString",
          "Type": "MonoScript"
        },
        {
          "PathID": 579,
          "Name": "AudioSpatializerMicrosoft",
          "Type": "MonoScript"
        },
        {
          "PathID": 580,
          "Name": "AudioSpatializerMicrosoft",
          "Type": "MonoScript"
        },
        {
          "PathID": 581,
          "Name": "StandaloneInputModule",
          "Type": "MonoScript"
        },
        {
          "PathID": 582,
          "Name": "StandaloneInputModule",
          "Type": "MonoScript"
        },
        {
          "PathID": 583,
          "Name": "NetworkMigrationManager",
          "Type": "MonoScript"
        },
        {
          "PathID": 584,
          "Name": "NetworkMigrationManager",
          "Type": "MonoScript"
        },
        {
          "PathID": 585,
          "Name": "NetworkProximityChecker",
          "Type": "MonoScript"
        },
        {
          "PathID": 586,
          "Name": "NetworkProximityChecker",
          "Type": "MonoScript"
        },
        {
          "PathID": 587,
          "Name": "VerticalLayoutGroup",
          "Type": "MonoScript"
        },
        {
          "PathID": 588,
          "Name": "VerticalLayoutGroup",
          "Type": "MonoScript"
        },
        {
          "PathID": 589,
          "Name": "GraphicRaycaster",
          "Type": "MonoScript"
        },
        {
          "PathID": 590,
          "Name": "GraphicRaycaster",
          "Type": "MonoScript"
        },
        {
          "PathID": 591,
          "Name": "BaseInput",
          "Type": "MonoScript"
        },
        {
          "PathID": 592,
          "Name": "BaseInput",
          "Type": "MonoScript"
        },
        {
          "PathID": 593,
          "Name": "EditorFacebookMockDialog",
          "Type": "MonoScript"
        },
        {
          "PathID": 594,
          "Name": "ScrollRect",
          "Type": "MonoScript"
        },
        {
          "PathID": 595,
          "Name": "ScrollRect",
          "Type": "MonoScript"
        },
        {
          "PathID": 596,
          "Name": "Button",
          "Type": "MonoScript"
        },
        {
          "PathID": 597,
          "Name": "Button",
          "Type": "MonoScript"
        },
        {
          "PathID": 598,
          "Name": "CallbackExecutor",
          "Type": "MonoScript"
        },
        {
          "PathID": 599,
          "Name": "CallbackExecutor",
          "Type": "MonoScript"
        },
        {
          "PathID": 600,
          "Name": "CallbackExecutor",
          "Type": "MonoScript"
        },
        {
          "PathID": 601,
          "Name": "MockLoginDialog",
          "Type": "MonoScript"
        },
        {
          "PathID": 602,
          "Name": "ObfuscatorWindow",
          "Type": "MonoScript"
        },
        {
          "PathID": 603,
          "Name": "FB",
          "Type": "MonoScript"
        },
        {
          "PathID": 604,
          "Name": "Shadow",
          "Type": "MonoScript"
        },
        {
          "PathID": 605,
          "Name": "Shadow",
          "Type": "MonoScript"
        },
        {
          "PathID": 606,
          "Name": "NetworkAnimator",
          "Type": "MonoScript"
        },
        {
          "PathID": 607,
          "Name": "NetworkAnimator",
          "Type": "MonoScript"
        },
        {
          "PathID": 608,
          "Name": "PlayModeRunnerCallback",
          "Type": "MonoScript"
        },
        {
          "PathID": 609,
          "Name": "BaseMeshEffect",
          "Type": "MonoScript"
        },
        {
          "PathID": 610,
          "Name": "BaseMeshEffect",
          "Type": "MonoScript"
        },
        {
          "PathID": 611,
          "Name": "LayoutElement",
          "Type": "MonoScript"
        },
        {
          "PathID": 612,
          "Name": "LayoutElement",
          "Type": "MonoScript"
        },
        {
          "PathID": 613,
          "Name": "Placeholder",
          "Type": "MonoScript"
        },
        {
          "PathID": 614,
          "Name": "Placeholder",
          "Type": "MonoScript"
        },
        {
          "PathID": 615,
          "Name": "ContentSizeFitter",
          "Type": "MonoScript"
        },
        {
          "PathID": 616,
          "Name": "ContentSizeFitter",
          "Type": "MonoScript"
        },
        {
          "PathID": 617,
          "Name": "PositionAsUV1",
          "Type": "MonoScript"
        },
        {
          "PathID": 618,
          "Name": "PositionAsUV1",
          "Type": "MonoScript"
        },
        {
          "PathID": 619,
          "Name": "UnityUtil",
          "Type": "MonoScript"
        },
        {
          "PathID": 620,
          "Name": "HoloLensInput",
          "Type": "MonoScript"
        },
        {
          "PathID": 621,
          "Name": "HoloLensInput",
          "Type": "MonoScript"
        },
        {
          "PathID": 622,
          "Name": "CanvasScaler",
          "Type": "MonoScript"
        },
        {
          "PathID": 623,
          "Name": "CanvasScaler",
          "Type": "MonoScript"
        },
        {
          "PathID": 624,
          "Name": "TouchInputModule",
          "Type": "MonoScript"
        },
        {
          "PathID": 625,
          "Name": "TouchInputModule",
          "Type": "MonoScript"
        },
        {
          "PathID": 626,
          "Name": "Toggle",
          "Type": "MonoScript"
        },
        {
          "PathID": 627,
          "Name": "Toggle",
          "Type": "MonoScript"
        }
      ]
    },
    {
      "Name": "unity default resources",
      "Assets": [
        {
          "PathID": 10001,
          "Name": "Soft",
          "Type": "Texture2D"
        },
        {
          "PathID": 10103,
          "Name": "Font Texture",
          "Type": "Texture2D"
        },
        {
          "PathID": 10200,
          "Name": "pSphere1",
          "Type": "Mesh"
        },
        {
          "PathID": 10202,
          "Name": "Cube",
          "Type": "Mesh"
        },
        {
          "PathID": 10203,
          "Name": "pCylinder1",
          "Type": "Mesh"
        },
        {
          "PathID": 10204,
          "Name": "pPlane1",
          "Type": "Mesh"
        },
        {
          "PathID": 10205,
          "Name": "polySurface2",
          "Type": "Mesh"
        },
        {
          "PathID": 10206,
          "Name": "Cylinder",
          "Type": "Mesh"
        },
        {
          "PathID": 10207,
          "Name": "Sphere",
          "Type": "Mesh"
        },
        {
          "PathID": 10208,
          "Name": "Capsule",
          "Type": "Mesh"
        },
        {
          "PathID": 10209,
          "Name": "Plane",
          "Type": "Mesh"
        },
        {
          "PathID": 10210,
          "Name": "Quad",
          "Type": "Mesh"
        },
        {
          "PathID": 10211,
          "Name": "Icosphere",
          "Type": "Mesh"
        },
        {
          "PathID": 10212,
          "Name": "icosahedron",
          "Type": "Mesh"
        },
        {
          "PathID": 10213,
          "Name": "pyramid",
          "Type": "Mesh"
        },
        {
          "PathID": 10400,
          "Name": "UnityWatermark-small",
          "Type": "Texture2D"
        },
        {
          "PathID": 10401,
          "Name": "EscToExit_back",
          "Type": "Texture2D"
        },
        {
          "PathID": 10402,
          "Name": "EscToExit_Text",
          "Type": "Texture2D"
        },
        {
          "PathID": 10403,
          "Name": "UnitySplash-cube",
          "Type": "Texture2D"
        },
        {
          "PathID": 10407,
          "Name": "UnityWatermark-trial",
          "Type": "Texture2D"
        },
        {
          "PathID": 10408,
          "Name": "UnityWatermark-beta",
          "Type": "Texture2D"
        },
        {
          "PathID": 10409,
          "Name": "UnityWatermark-edu",
          "Type": "Texture2D"
        },
        {
          "PathID": 10410,
          "Name": "UnityWatermark-dev",
          "Type": "Texture2D"
        },
        {
          "PathID": 10411,
          "Name": "WarningSign",
          "Type": "Texture2D"
        },
        {
          "PathID": 10413,
          "Name": "UnityWatermark-proto",
          "Type": "Texture2D"
        },
        {
          "PathID": 10414,
          "Name": "UnityWatermarkPlugin-beta",
          "Type": "Texture2D"
        },
        {
          "PathID": 11001,
          "Name": "box",
          "Type": "Texture2D"
        },
        {
          "PathID": 11002,
          "Name": "button active",
          "Type": "Texture2D"
        },
        {
          "PathID": 11003,
          "Name": "button hover",
          "Type": "Texture2D"
        },
        {
          "PathID": 11004,
          "Name": "button on hover",
          "Type": "Texture2D"
        },
        {
          "PathID": 11005,
          "Name": "button on",
          "Type": "Texture2D"
        },
        {
          "PathID": 11006,
          "Name": "button",
          "Type": "Texture2D"
        },
        {
          "PathID": 11007,
          "Name": "horizontal scrollbar thumb",
          "Type": "Texture2D"
        },
        {
          "PathID": 11008,
          "Name": "horizontal scrollbar",
          "Type": "Texture2D"
        },
        {
          "PathID": 11009,
          "Name": "horizontalslider",
          "Type": "Texture2D"
        },
        {
          "PathID": 11010,
          "Name": "slider thumb active",
          "Type": "Texture2D"
        },
        {
          "PathID": 11011,
          "Name": "slider thumb",
          "Type": "Texture2D"
        },
        {
          "PathID": 11012,
          "Name": "slidert humb hover",
          "Type": "Texture2D"
        },
        {
          "PathID": 11013,
          "Name": "toggle active",
          "Type": "Texture2D"
        },
        {
          "PathID": 11014,
          "Name": "toggle hover",
          "Type": "Texture2D"
        },
        {
          "PathID": 11015,
          "Name": "toggle on hover",
          "Type": "Texture2D"
        },
        {
          "PathID": 11016,
          "Name": "toggle on",
          "Type": "Texture2D"
        },
        {
          "PathID": 11017,
          "Name": "toggle on active",
          "Type": "Texture2D"
        },
        {
          "PathID": 11018,
          "Name": "toggle",
          "Type": "Texture2D"
        },
        {
          "PathID": 11019,
          "Name": "vertical scrollbar thumb",
          "Type": "Texture2D"
        },
        {
          "PathID": 11020,
          "Name": "vertical scrollbar",
          "Type": "Texture2D"
        },
        {
          "PathID": 11021,
          "Name": "verticalslider",
          "Type": "Texture2D"
        },
        {
          "PathID": 11022,
          "Name": "window on",
          "Type": "Texture2D"
        },
        {
          "PathID": 11023,
          "Name": "window",
          "Type": "Texture2D"
        },
        {
          "PathID": 11024,
          "Name": "textfield",
          "Type": "Texture2D"
        },
        {
          "PathID": 11025,
          "Name": "textfield on",
          "Type": "Texture2D"
        },
        {
          "PathID": 11026,
          "Name": "textfield hover",
          "Type": "Texture2D"
        },
        {
          "PathID": 11998,
          "Name": "DeveloperConsole",
          "Type": "MonoScript"
        },
        {
          "PathID": 12001,
          "Name": "GUISkin",
          "Type": "MonoScript"
        },
        {
          "PathID": 15000,
          "Name": "UnitySplash-HolographicTrackingLoss",
          "Type": "Texture2D"
        }
      ]
    },
    {
      "Name": "unity_builtin_extra",
      "Assets": []
    },
    {
      "Name": "level0",
      "Assets": []
    },
    {
      "Name": "globalgamemanagers",
      "Assets": []
    }
  ]
}